{
    "Salam_dan_Sapaan": {
        "Selamat_pagi": "Mase pagi",
        "Selamat_siang": "Mase siang",
        "Selamat_sore": "Mase sore",
        "Selamat_malam": "Mase malam",
        "Apa_kabar": "Nih ulun",
        "Baik_baik_saja": "Alhamdulillah baik",
        "Terima_kasih": "Suwun",
        "Sama-sama": "Sama-sama, nang apa-apa",
        "Tolong": "Tulung",
        "Maaf": "Maaf ulun",
        "Hai": "Hai",
        "Halo": "Halo",
        "Assalamualaikum": "Assalamu'alaikum",
        "Waalaikumsalam": "Wa'alaikumussalam"
    },
    "Kata_Politik": {
        "Kandidat": "Caleg",
        "Pemilu": "Pimilihan",
        "Kampanye": "Kampanye",
        "Pemimpin": "Pimpinan",
        "Presiden": "Presiden",
        "Gubernur": "Gubernur",
        "Walikota": "Panglima kota",
        "Bupati": "Bupati",
        "Anggota_dewan": "Anggota dewan",
        "Partai": "Partai",
        "Koalisi": "Koalisi",
        "Oposisi": "Oposisi",
        "Janji": "Janji",
        "Program": "Program",
        "Debat": "Debat",
        "Viral": "Rame",
        "Rakyat": "Rakyat",
        "Masyarakat": "Kaum"
    },
    "Ungkapan_Emosi_dalam_Politik": {
        "Saya_mendukung": "Ulun nyukung",
        "Saya_menolak": "Ulun nolak",
        "Saya_kecewa": "Ulun kecewa",
        "Korupsi": "Korup",
        "Janji_palsu": "Janji kosong",
        "Tidak_adil": "Kada adil",
        "Berjuang": "Bertarung",
        "Masa_depan": "Hadepan",
        "Kemajuan": "Kemajuan",
        "Keterbelakangan": "Tertinggal",
        "Bohong": "Bohong",
        "Jujur": "Lurus hati"
    },
    "Kata_Kerja_Terkait": {
        "Memilih": "Nyilih",
        "Mencalonkan": "Nyalo",
        "Berkampanye": "Kampanye",
        "Berorasi": "Nyurati",
        "Berdebat": "Nyanggah",
        "Mengkritik": "Ngatik",
        "Mendukung": "Nyukung",
        "Menolak": "Nolak",
        "Berbohong": "Ngolah",
        "Berjuang": "Bertarung",
        "Berkompromi": "Berunding"
    },
    "Frase_Umum_dalam_Politik": {
        "Apa_program_kerja": "Apa rencana gawe?",
        "Saya_tidak_setuju": "Ulun kada setuju",
        "Janji_tinggal_janji": "Janji kadang-kadang",
        "Masa_bodoh": "Masa bodo",
        "Rakyat_harus_pintar": "Kaum harus cerdik",
        "Pemimpin_tidak_jujur": "Pimpinan kada lurus hati",
        "Pemerintah_kerja_baik": "Pemerintah gawe bagus",
        "Korupsi_merusak_negara": "Korup ngancur negara",
        "Kita_bisa_berubah": "Kita bisa berubah"
    },
    "Kata_Sentimen_Positive": {
        "Bagus": "Bagus",
        "Hebat": "Hebat",
        "Luar_biasa": "Luar biasa",
        "Jujur": "Lurus hati",
        "Amanah": "Amanah",
        "Tulus": "Tulus",
        "Cerdas": "Cerdik",
        "Berpengalaman": "Berilmu",
        "Adil": "Adil",
        "Tepat": "Tepat"
    },
    "Kata_Sentimen_Negative": {
        "Buruk": "Buruk",
        "Payah": "Payah",
        "Tidak_bagus": "Kada bagus",
        "Bohong": "Bohong",
        "Korup": "Korup",
        "Janji_palsu": "Janji kosong",
        "Lambat": "Lambat",
        "Tidak_peduli": "Kada peduli",
        "Curang": "Curang",
        "Tidak_mampu": "Kada mampu"
    }
}